{
  "psnr": 5.6102886588567635,
  "ssim": 0.42453819513320923,
  "latency_seconds": 0.17608880996704102,
  "score": 0.5209462897572203,
  "notes": "Higher score indicates better balance of quality and speed."
}